ein,year,name,form,exists,url
270472137,201412,AUTISM ALLIANCE OF MICHIGAN,990,true,https://s3.amazonaws.com/irs-form-990/201513089349300306_public.xml
454949783,201412,WAYNE CHILDRENS HEALTHCARE ACCESS PROGRAM INC,990,false,
381211227,201412,CHARLES STEWART MOTT FOUNDATION,990PF,false,
270858135,201509,LOVE N KINDNESS COMMUNITY DEVELOPMENT CORPORATION,990,false,
133600232,201412,CORPORATION FOR SUPPORTIVE HOUSING,990,true,https://s3.amazonaws.com/irs-form-990/201532809349300223_public.xml
383335060,201412,MICHIGAN YOUTH APPRECIATION FOUNDATION,990,true,https://s3.amazonaws.com/irs-form-990/201512819349300101_public.xml
320171869,201509,METRO DETROIT CENTER FOR INDEPENDENT LIVING INC,990,false,
383124115,201512,100 BLACK MEN OF GREATER DETROIT INC,990EZ,false,
381784340,201412,MAX M AND MARJORIE S FISHER FOUNDATION INC,990PF,false,
208817646,201412,ENVIRONMENTAL GRANTMAKERS ASSOCIATION,990,true,https://s3.amazonaws.com/irs-form-990/201503209349307450_public.xml
381870033,201412,DETROIT BAR ASSOCIATION FOUNDATION,990EZ,true,https://s3.amazonaws.com/irs-form-990/201513209349202766_public.xml
382684772,201501,PARADE COMPANY,990,true,https://s3.amazonaws.com/irs-form-990/201512749349300646_public.xml
131684331,201412,FORD FOUNDATION,990PF,true,https://s3.amazonaws.com/irs-form-990/201523179349100347_public.xml
650350357,201412,MIAMI FOUNDATION INC,990,true,https://s3.amazonaws.com/irs-form-990/201502939349300710_public.xml
381575570,201412,WORLD MEDICAL RELIEF INC,990,true,https://s3.amazonaws.com/irs-form-990/201503159349301545_public.xml
237101167,201412,BUSINESS LEADERS FOR MICHIGAN FOUNDATION,990,true,https://s3.amazonaws.com/irs-form-990/201513139349301981_public.xml
383570727,201412,CITY CONNECT DETROIT,990,true,https://s3.amazonaws.com/irs-form-990/201503169349305320_public.xml
383332791,201412,ARCUS FOUNDATION,990PF,false,
381362823,201412,GOODWILL INDUSTRIES OF GREATER DETROIT,990,true,https://s3.amazonaws.com/irs-form-990/201533139349301033_public.xml
203899187,201412,WILLIAM DAVIDSON FOUNDATION,990PF,false,
386052131,201412,HUDSON WEBBER FOUNDATION,990PF,false,
383357583,201412,M O S E S METROPOLITAN ORGANIZING STRATEGY ENABLING STRENGTH,990,true,https://s3.amazonaws.com/irs-form-990/201523209349309147_public.xml
381368516,201506,UNITED CEREBRAL PALSY ASSOCIATION OF METRO DETROIT,990,false,
382672000,201209,SOUTHWEST SOLUTIONS INC,990,false,
383124115,201412,100 BLACK MEN OF GREATER DETROIT INC,990EZ,false,
310892078,201408,ETA PHI BETA SORORITY INCORPORATED,990,false,
382311840,201409,ARAB AMERICAN AND CHALDEAN COUNCIL,990,true,https://s3.amazonaws.com/irs-form-990/201520299349300422_public.xml
274227822,201406,BOGGS EDUCATIONAL CENTER PROJECT TEAM,990,true,https://s3.amazonaws.com/irs-form-990/201520359349300727_public.xml
320171869,201409,METRO DETROIT CENTER FOR INDEPENDENT LIVING INC,990,false,
383275525,201406,MICHIGAN ASSOCIATION OF PUBLIC SCHOOL ACADEMIES,990,true,https://s3.amazonaws.com/irs-form-990/201540419349302054_public.xml
383353746,201406,DETROIT EMPLOYMENT SOLUTIONS CORPORATION,990PF,false,
386041517,201409,HERRICK FOUNDATION,990PF,false,
382420887,201410,STRATFORD SHAKESPEAREAN FESTIVAL OF AMERICA,990,false,
451447048,201406,LEADING EDUCATORS INC,990,true,https://s3.amazonaws.com/irs-form-990/201510689349300301_public.xml
205966333,201406,FRED A AND BARBARA M ERB FAMILY FOUNDATION,990PF,false,
223931720,201212,ALLIANCE OF ROUGE COMMUNITIES,990,false,
207097647,201412,A PAUL AND CAROL C SCHAPP FOUNDATION,990PF,false,
411694837,201406,FIRST CHILDRENS FINANCE,990,true,https://s3.amazonaws.com/irs-form-990/201520899349300337_public.xml
311605982,201406,CREATIVE CAPITAL FOUNDATION,990,true,https://s3.amazonaws.com/irs-form-990/201540859349300624_public.xml
208817646,201312,ENVIRONMENTAL GRANTMAKERS ASSOCIATION,990,true,https://s3.amazonaws.com/irs-form-990/201510899349300136_public.xml
383373052,201412,COMERICA CHARITABLE FOUNDATION,990PF,false,
383452577,201412,THOMPSON FOUNDATION,990PF,false,
300107259,201412,THOMPSON EDUCATIONAL FOUNDATION,990PF,false,
380808800,201406,MCGREGOR FUND,990PF,false,
300135450,201406,DETROIT PUBLIC SCHOOLS FOUNDATION,990,false,
381358052,201406,TRAVELERS AID SOCIETY OF METROPOLITAN DETROIT,990,false,
380508823,201406,DETROIT ECONOMIC CLUB,990,false,
222882549,201406,CITY YEAR INC,990,true,https://s3.amazonaws.com/irs-form-990/201521259349301012_public.xml
382192028,201406,DETROIT ECONOMIC GROWTH CORPORATION,990,true,https://s3.amazonaws.com/irs-form-990/201501319349302285_public.xml
271578269,201410,NEIGHBORS BUILDING BRIGHTMOOR,990EZ,true,https://s3.amazonaws.com/irs-form-990/201531709349200103_public.xml
382433720,201406,DETROIT ECONOMIC GROWTH ASSOCIATION,990,true,https://s3.amazonaws.com/irs-form-990/201541319349301479_public.xml
381359063,201406,ST JOHN HOSPITAL AND MEDICAL CENTER,990,true,https://s3.amazonaws.com/irs-form-990/201531339349301438_public.xml
204781979,201409,CONNECTED THE CALIFORNIA CENTER FOR COLLEGE AND CAREER,990,true,https://s3.amazonaws.com/irs-form-990/201521889349300527_public.xml
383252560,201412,DETROIT COMMUNITY INITIATIVE INC,990EZ,true,https://s3.amazonaws.com/irs-form-990/201521319349202502_public.xml
383319093,201409,MOTOR CITY BRASS BAND,990EZ,true,https://s3.amazonaws.com/irs-form-990/201541979349200124_public.xml
382746810,201412,CARING ATHLETES TEAM FOR CHILDRENS AND HENRY FORD HOSPITALS,990,true,https://s3.amazonaws.com/irs-form-990/201512049349300841_public.xml
946050341,201409,UNITED STUDENT AID FUNDS INC,990,true,https://s3.amazonaws.com/irs-form-990/201502059349300635_public.xml
452920005,201412,DETROIT CRIME COMMISSION,990,true,https://s3.amazonaws.com/irs-form-990/201541359349302554_public.xml
381359086,201412,GREAT LAKES COUNCIL INC BOY SCOUTS OF AMERICA 272,990,true,https://s3.amazonaws.com/irs-form-990/201501839349300225_public.xml
262310566,201409,M-1 RAIL,990,true,https://s3.amazonaws.com/irs-form-990/201541809349300414_public.xml
383622930,201412,JOY SOUTHFIELD COMMUNITY DEVELOPMENT CORPORATION,990,false,
382143122,201412,ETHEL AND JAMES FLINN FOUNDATION,990PF,false,
386159811,201412,UKRAINIAN AMERICAN ARCHIVES AND MUSEUM INC,990EZ,false,
383502936,201406,NEW URBAN LEARNING,990,true,https://s3.amazonaws.com/irs-form-990/201531359349301728_public.xml
432078767,201409,DETROIT RECOVERY PROJECT,990,true,https://s3.amazonaws.com/irs-form-990/201522179349300047_public.xml
383588943,201412,TRANSPORTATION RIDERS UNITED INC,990,true,https://s3.amazonaws.com/irs-form-990/201522199349300312_public.xml
383463866,201412,HENRY FORD LEARNING INSTITUTE,990,true,https://s3.amazonaws.com/irs-form-990/201502249349302475_public.xml
382675191,201409,SOUTHEAST MICHIGAN COMMUNITY ALLIANCE,990,true,https://s3.amazonaws.com/irs-form-990/201502229349301065_public.xml
382530980,201412,COMMUNITY FOUNDATION FOR SOUTHEAST MICHIGAN,990,false,
262589947,201412,AQUACULTURE RESEARCH CORPORATION,990PF,true,https://s3.amazonaws.com/irs-form-990/201512249349100416_public.xml
382292187,201412,MICHIGAN MINORITY PURCHASING COUNCIL,990,true,https://s3.amazonaws.com/irs-form-990/201512269349303016_public.xml
363656836,201412,IFF,990,true,https://s3.amazonaws.com/irs-form-990/201512299349304066_public.xml
383353746,201306,DETROIT EMPLOYMENT SOLUTIONS CORPORATION,990PF,false,
382708636,201312,DTE ENERGY FOUNDATION,990PF,true,https://s3.amazonaws.com/irs-form-990/201403179349100010_public.xml
386087371,201412,CHRYSLER FOUNDATION,990PF,true,https://s3.amazonaws.com/irs-form-990/201522269349100242_public.xml
200703238,201312,ROOT CAUSE INSTITUTE INC,990,true,https://s3.amazonaws.com/irs-form-990/201443159349302799_public.xml
454949783,201312,WAYNE CHILDRENS HEALTHCARE ACCESS PROGRAM INC,990,false,
562393981,201412,LGBT DETROIT,990,false,
237383042,201412,HENRY FORD HEALTH SYSTEM FOUNDATION,990,false,
383548144,201412,ILITCH CHARITIES INC,990,false,
226029397,201412,ROBERT WOOD JOHNSON FOUNDATION,990PF,false,
381545881,201506,UNIVERSITY MUSICAL SOCIETY,990,false,
237093201,201412,NATHAN CUMMINGS FOUNDATION INC,990PF,false,
381784340,201412,MAX M AND MARJORIE S FISHER FOUNDATION INC,990PF,false,
381359589,201412,ST VINCENT AND SARAH FISHER CENTER,990,true,https://s3.amazonaws.com/irs-form-990/201522539349300612_public.xml
382880567,201412,GREATER DETROIT AND WINDSOR JAPAN AMERICA SOCIETY,990EZ,true,https://s3.amazonaws.com/irs-form-990/201542539349200609_public.xml
382825019,201406,NONPROFIT ENTERPRISE AT WORK INC,990,true,https://s3.amazonaws.com/irs-form-990/201413529349300211_public.xml
382132136,201412,GENERAL MOTORS FOUNDATION INC,990PF,false,
381359217,201412,KRESGE FOUNDATION,990PF,false,
131879954,201412,ANDREW W MELLON FOUNDATION,990PF,false,
381211227,201412,CHARLES STEWART MOTT FOUNDATION,990PF,false,
381358052,201406,TRAVELERS AID SOCIETY OF  METROPOLITAN DETROIT,990,false,
381675780,201412,SKILLMAN FOUNDATION,990PF,false,
911663695,201412,BILL AND MELINDA GATES FOUNDATION TRUST,990PF,false,
386087665,201412,MATILDA R WILSON FUND,990PF,false,
586073119,201412,DELTA AIR LINES FDN,990PF,false,
205838578,201412,VERA AND JOSEPH DRESNER FOUNDATION,990PF,false,
131991717,201412,BAY AND PAUL FOUNDATIONS INC,990PF,false,
131659629,201312,ROCKEFELLER FOUNDATION,990PF,true,https://s3.amazonaws.com/irs-form-990/201443179349101304_public.xml
371476114,201312,MICHIGAN INTERFAITH VOICE,990EZ,true,https://s3.amazonaws.com/irs-form-990/201423219349201742_public.xml
260730096,201312,BIZDOM FUND,990,true,https://s3.amazonaws.com/irs-form-990/201433189349302693_public.xml
203903427,201312,SUNLIGHT FOUNDATION,990,true,https://s3.amazonaws.com/irs-form-990/201413219349304126_public.xml
381532540,201212,CHILDRENS AID SOCIETY,990,true,https://s3.amazonaws.com/irs-form-990/201323199349306647_public.xml
382292187,201212,MICHIGAN MINORITY SUPPLIER DEVELOPMENT COUNCIL INC,990,true,https://s3.amazonaws.com/irs-form-990/201323199349306712_public.xml
310892078,201308,ETA PHI BETA SORORITY INCORPORATED,990,false,
381870033,201212,DETROIT BAR ASSOCIATION FOUNDATION,990,false,
383319093,201309,MOTOR CITY BRASS BAND,990EZ,true,https://s3.amazonaws.com/irs-form-990/201313369349200611_public.xml
260730096,201212,BIZDOM FUND,990,true,https://s3.amazonaws.com/irs-form-990/201343199349307059_public.xml
320171869,201309,METRO DETROIT CENTER FOR INDEPENDENT LIVING INC,990,false,
382684772,201301,PARADE COMPANY,990,false,
386159811,201212,UKRAINIAN AMERICAN ARCHIVES AND MUSEUM INC,990EZ,true,https://s3.amazonaws.com/irs-form-990/201332849349200203_public.xml
262589947,201212,AQUACULTURE RESEARCH CORPORATION,990PF,true,https://s3.amazonaws.com/irs-form-990/201342209349100119_public.xml
383303758,201212,EMMANUEL HOUSE,990,true,https://s3.amazonaws.com/irs-form-990/201342889349301604_public.xml
371476114,201212,MICHIGAN INTERFAITH VOICE,990EZ,false,
381368516,201306,UNITED CEREBRAL PALSY ASSOCIATION OF METRO DETROIT,990,false,
270858135,201309,LOVE N KINDNESS COMMUNITY DEVELOPMENT CORPORATION,990,false,
381539997,201306,MICHIGAN 4H FOUNDATION,990,false,
411694837,201306,FIRST CHILDRENS FINANCE,990,true,https://s3.amazonaws.com/irs-form-990/201400129349300215_public.xml
381359264,201308,WKKELLOGG FOUNDATION,990PF,true,https://s3.amazonaws.com/irs-form-990/201420309349100152_public.xml
383124115,201312,100 BLACK MEN OF GREATER DETROIT INC,990EZ,false,
383275525,201306,MICHIGAN ASSOCIATION OF PUBLIC SCHOOL ACADEMIES,990,true,https://s3.amazonaws.com/irs-form-990/201430349349300513_public.xml
382420887,201310,STRATFORD SHAKESPEAREAN FESTIVAL OF AMERICA,990,false,
382825019,201306,NONPROFIT ENTERPRISE AT WORK INC,990,true,https://s3.amazonaws.com/irs-form-990/201410459349301811_public.xml
451447048,201306,LEADING EDUCATORS INC,990,true,https://s3.amazonaws.com/irs-form-990/201420869349300732_public.xml
300101343,201306,WOMENS LEADERSHIP FORUM,990,true,https://s3.amazonaws.com/irs-form-990/201400859349300330_public.xml
382192028,201306,DETROIT ECONOMIC GROWTH CORPORATION,990,false,
203099071,201306,UNITED WAY FOR SOUTHEASTERN MICHIGAN,990,true,https://s3.amazonaws.com/irs-form-990/201440879349300909_public.xml
382433720,201306,DETROIT ECONOMIC GROWTH ASSOCIATION,990,false,
383353746,201306,DETROIT EMPLOYMENT SOLUTIONS CORPORATION,990,false,
300107259,201312,THOMPSON EDUCATIONAL FOUNDATION,990PF,false,
383452577,201312,THOMPSON FOUNDATION,990PF,false,
386041517,201309,HERRICK FOUNDATION,990PF,false,
383373052,201312,COMERICA CHARITABLE FOUNDATION,990PF,false,
207097647,201312,A PAUL AND CAROL C SCHAAP FOUNDATION 9046,990PF,false,
205966333,201306,FRED A AND BARBARA M ERB FAMILY FOUNDATION,990PF,false,
380808800,201306,MCGREGOR FUND,990PF,false,
300135450,201306,DETROIT PUBLIC SCHOOLS FOUNDATION,990,false,
381358052,201306,TRAVELERS AID SOCIETY OF METROPOLITAN DETROIT,990,false,
237192025,201306,NORTH AMERICAN INDIAN ASSOCIATION OF DETROIT INC,990EZ,false,
380508823,201306,DETROIT ECONOMIC CLUB,990,false,
262310566,201309,M-1 RAIL,990,false,
271578269,201310,NEIGHBORS BUILDING BRIGHTMOOR,990EZ,true,https://s3.amazonaws.com/irs-form-990/201431679349200108_public.xml
382575307,201311,GROSFELD FOUNDATION,990PF,false,
650350357,201312,MIAMI FOUNDATION INC,990,false,
381359063,201306,ST JOHN HOSPITAL AND MEDICAL CENTER,990,true,https://s3.amazonaws.com/irs-form-990/201441349349301699_public.xml
383342664,201112,JAZZ NETWORK FOUNDATION INC,990EZ,false,
432078767,201309,DETROIT RECOVERY PROJECT,990,true,https://s3.amazonaws.com/irs-form-990/201441899349300114_public.xml
383342664,201212,JAZZ NETWORK FOUNDATION INC,990EZ,false,
383342664,200912,JAZZ NETWORK FOUNDATION INC,990EZ,false,
383342664,201012,JAZZ NETWORK FOUNDATION INC,990EZ,false,
383353746,201306,DETROIT EMPLOYMENT SOLUTIONS CORPORATION,990,false,
800892277,201312,KEEP GROWING DETROIT,990,false,
946050341,201309,UNITED STUDENT AID FUNDS INC,990,true,https://s3.amazonaws.com/irs-form-990/201431959349300433_public.xml
382143122,201312,ETHEL AND JAMES FLINN FOUNDATION,990PF,false,
382746810,201312,CARING ATHLETES TEAM FOR CHILDRENS AND HENRY FORD HOSPITALS,990,false,
383314318,201312,DETROIT POLICE ATHLETIC LEAGUE INCORPORATED,990,false,
382530980,201312,COMMUNITY FOUNDATION FOR SOUTHEAST MICHIGAN,990,false,
382672000,201309,SOUTHWEST SOLUTIONS INC,990,false,
381359592,201309,SOCIETY OF ST VINCENT DE PAUL IN THE ARCHDIOCESE OF DETROIT,990,true,https://s3.amazonaws.com/irs-form-990/201402259349302485_public.xml
562393981,201312,KICK THE AGENCY FOR LGBT AFRICAN AMERICANS,990,false,
383252560,201312,DETROIT COMMUNITY INITIATIVE INC,990EZ,true,https://s3.amazonaws.com/irs-form-990/201441219349200504_public.xml
382311840,201309,ARAB AMERICAN AND CHALDEAN COUNCIL,990,true,https://s3.amazonaws.com/irs-form-990/201422249349301737_public.xml
331140762,201309,DETROIT BLACK COMM FOOD SECURITY NTWK,990,true,https://s3.amazonaws.com/irs-form-990/201402289349300300_public.xml
382684772,201401,PARADE COMPANY,990,false,
650464177,200712,JOHN S AND JAMES L KNIGHT FOUNDATION,990PF,false,
452920005,201312,DETROIT CRIME COMMISSION,990,true,https://s3.amazonaws.com/irs-form-990/201431359349305173_public.xml
383303758,201312,EMMANUEL HOUSE,990,true,https://s3.amazonaws.com/irs-form-990/201421359349307887_public.xml
270304043,201312,BUILDING INNOVATIVE NEW GOVERNMENT INSTITUTE,990EZ,false,
383335060,201312,MICHIGAN YOUTH APPRECIATION FOUNDATION,990EZ,true,https://s3.amazonaws.com/irs-form-990/201411919349200201_public.xml
381360904,201312,GREATER DETROIT AREA HEALTH COUNCIL INC,990,false,
386159811,201312,UKRAINIAN AMERICAN ARCHIVES AND MUSEUM INC,990EZ,true,https://s3.amazonaws.com/irs-form-990/201412109349200336_public.xml
382487626,201310,FREEDOM HOUSE INC,990,true,https://s3.amazonaws.com/irs-form-990/201402589349301400_public.xml
133600232,201312,CORPORATION FOR SUPPORTIVE HOUSING,990,false,
202333719,201312,VOICES OF DETROIT INITIATIVE,990,true,https://s3.amazonaws.com/irs-form-990/201442239349301204_public.xml
382675191,201309,SOUTHEAST MICHIGAN COMMUNITY ALLIANCE,990,true,https://s3.amazonaws.com/irs-form-990/201442269349301414_public.xml
381359589,201312,ST VINCENT AND SARAH FISHER CENTER,990,true,https://s3.amazonaws.com/irs-form-990/201422619349300612_public.xml
262589947,201312,AQUACULTURE RESEARCH CORPORATION,990PF,true,https://s3.amazonaws.com/irs-form-990/201422239349100312_public.xml
262518642,201312,TEEN HYPE,990,true,https://s3.amazonaws.com/irs-form-990/201442269349302494_public.xml
386087371,201312,CHRYSLER FOUNDATION,990PF,true,https://s3.amazonaws.com/irs-form-990/201412269349100501_public.xml
386099935,201312,CARLS FOUNDATION,990PF,true,https://s3.amazonaws.com/irs-form-990/201421549349100212_public.xml
382132136,201312,GENERAL MOTORS FOUNDATION INC,990PF,false,
383332791,201312,ARCUS FOUNDATION,990PF,false,
586073119,201312,DELTA AIR LINES FDN,990PF,false,
381211227,201312,CHARLES STEWART MOTT FOUNDATION,990PF,false,
911663695,201312,BILL AND MELINDA GATES FOUNDATION TRUST,990PF,false,
383068654,201312,MINERVA EDUCATION AND DEVELOPMENT FOUNDATION,990,false,
270858135,201409,LOVE N KINDNESS COMMUNITY DEVELOPMENT CORPORATION,990,false,
381359217,201312,KRESGE FOUNDATION,990PF,false,
383279650,201408,PUPPETART,990EZ,true,https://s3.amazonaws.com/irs-form-990/201412909349200306_public.xml
383353746,201306,DETROIT EMPLOYMENT SOLUTIONS CORPORATION,990PF,false,
131879954,201312,ANDREW W MELLON FOUNDATION,990PF,false,
237093201,201312,NATHAN CUMMINGS FOUNDATION INC,990PF,false,
380882424,201312,NORTH ROSEDALE PARK CIVIC ASSOCIATION,990,true,https://s3.amazonaws.com/irs-form-990/201443149349302204_public.xml
381870033,201312,DETROIT BAR ASSOCIATION FOUNDATION,990,false,
381357020,201312,HENRY FORD HEALTH SYSTEM,990,true,https://s3.amazonaws.com/irs-form-990/201433169349304513_public.xml
383622930,201312,JOY SOUTHFIELD COMMUNITY DEVELOPMENT CORPORATION,990,false,
382292187,201312,MICHIGAN MINORITY PURCHASING COUCIL,990,false,
203903427,201212,SUNLIGHT FOUNDATION,990,true,https://s3.amazonaws.com/irs-form-990/201332259349301643_public.xml
381675780,201312,SKILLMAN FOUNDATION,990PF,false,
223931720,201312,ALLIANCE OF ROUGE COMMUNITIES,990,true,https://s3.amazonaws.com/irs-form-990/201413169349300206_public.xml
386052131,201312,HUDSON-WEBBER FOUNDATION,990PF,false,
381575570,201312,WORLD MEDICAL RELIEF INC,990,false,
205838578,201312,VERA AND JOSEPH DRESNER FOUNDATION,990PF,false,
382708636,201312,DTE ENERGY FOUNDATION,990PF,true,https://s3.amazonaws.com/irs-form-990/201403459349100105_public.xml
226029397,201212,ROBERT WOOD JOHNSON FOUNDATION,990PF,true,https://s3.amazonaws.com/irs-form-990/201323129349100222_public.xml
208817646,201312,ENVIRONMENTAL GRANTMAKERS ASSOCIATION,990,true,https://s3.amazonaws.com/irs-form-990/201413219349308881_public.xml
203899187,201312,WILLIAM DAVIDSON FOUNDATION,990PF,false,
226029397,201312,ROBERT WOOD JOHNSON FOUNDATION,990PF,true,https://s3.amazonaws.com/irs-form-990/201413169349101166_public.xml
131991717,201312,BAY AND PAUL FOUNDATIONS INC,990PF,false,
386087665,201312,MATILDA R WILSON FUND,990PF,false,
381784340,201312,MAX M AND MARJORIE S FISHER FOUNDATION INC,990PF,false,
383548144,201312,ILITCH CHARITIES INC,990,false,
381368516,201406,UNITED CEREBRAL PALSY ASSOCIATION OF METRO DETROIT,990,false,
381545881,201406,UNIVERSITY MUSICAL SOCIETY,990,false,
237383042,201312,HENRY FORD HEALTH SYSTEM FOUNDATION,990,false,
381545881,201206,UNIVERSITY MUSICAL SOCIETY,990,false,
381357020,201012,HENRY FORD HEALTH SYSTEM,990,false,
270472137,201112,AUTISM ALLIANCE OF MICHIGAN,990EZ,false,
300002873,201112,DETROIT 300 CONSERVANCY,990,false,
270304043,201112,BUILDING INNOVATIVE NEW GOVERNMENT INSTITUTE DBA BING INSTITUTE,990,false,
331140762,201209,DETROIT BLACK COMM FOOD SECURITY NTWK,990,true,https://s3.amazonaws.com/irs-form-990/201333039349301013_public.xml
381368516,201206,UNITED CEREBRAL PALSY ASSOCIATION OF METRO DETROIT,990,false,
310892078,201208,ETA PHI BETA SORORITY INCORPORATED,990,false,
320171869,201209,METRO DETROIT CENTER FOR INDEPENDENT LIVING INC DBA DISABILITY NETWORK OF WAYNE COUNTY,990,false,
382684772,201201,PARADE COMPANY,990,false,
381870033,201112,DETROIT BAR ASSOCIATION FOUNDATION,990EZ,false,
131879954,201112,ANDREW W MELLON FOUNDATION,990PF,false,
237093201,201112,NATHAN CUMMINGS FOUNDATION INC,990PF,false,
208817646,201112,ENVIRONMENTAL GRANTMAKERS ASSOCIATION,990,false,
205966333,201206,FRED A AND BARBARA M ERB FAMILY FOUNDATION,990PF,false,
383279650,201208,PUPPETART DETROIT PUPPET THEATER,990EZ,true,https://s3.amazonaws.com/irs-form-990/201310229349200606_public.xml
381539997,201206,MICHIGAN 4H FOUNDATION,990,false,
382311840,201209,ARAB AMERICAN AND CHALDEAN COUNCIL,990,true,https://s3.amazonaws.com/irs-form-990/201320389349300442_public.xml
383252560,201012,DETROIT COMMUNITY INITIATIVE INC,990,true,https://s3.amazonaws.com/irs-form-990/201300299349300410_public.xml
386041517,201209,HERRICK FOUNDATION,990PF,false,
382192028,201206,DETROIT ECONOMIC GROWTH CORPORATION,990,false,
382433720,201206,DETROIT ECONOMIC GROWTH ASSOCIATION,990,false,
274227822,201206,BOGGS EDUCATIONAL CENTER PROJECT TEAM,990,true,https://s3.amazonaws.com/irs-form-990/201300469349300215_public.xml
421740232,201206,NEXT DETROIT NEIGHBORHOOD INITIATIVE,990,false,
300101343,201206,WOMENS LEADERSHIP FORUM,990,true,https://s3.amazonaws.com/irs-form-990/201310799349300031_public.xml
203099071,201206,UNITED WAY FOR SOUTHEASTERN MICHIGAN,990,true,https://s3.amazonaws.com/irs-form-990/201320869349300602_public.xml
300135450,201206,DETROIT PUBLIC SCHOOLS FOUNDATION,990,false,
383373052,201212,COMERICA CHARITABLE FOUNDATION,990PF,false,
207097647,201212,A PAUL AND CAROL C SCHAAP FOUNDATION,990PF,false,
451447048,201206,LEADING EDUCATORS INC,990,true,https://s3.amazonaws.com/irs-form-990/201321039349301157_public.xml
383124115,201212,100 BLACK MEN OF GREATER DETROIT INC,990EZ,false,
382420887,201210,STRATFORD SHAKESPEAREAN FESTIVAL OF AMERICA,990,false,
300107259,201212,THOMPSON EDUCATIONAL FOUNDATION,990PF,false,
383452577,201212,THOMPSON FOUNDATION,990PF,false,
380808800,201206,MCGREGOR FUND,990PF,false,
380508823,201206,DETROIT ECONOMIC CLUB,990,false,
383502936,201206,NEW URBAN LEARNING,990,false,
562393981,201212,KICK THE AGENCY FOR LGBT AFRICAN AMERICANS,990EZ,false,
271578269,201209,NEIGHBORS BUILDING BRIGHTMOOR,990EZ,false,
270858135,201212,LOVE N KINDNESS COMMUNITY DEVELOPMENT CORPORATION,990EZ,false,
382487626,201210,FREEDOM HOUSE INC,990,true,https://s3.amazonaws.com/irs-form-990/201301669349300120_public.xml
452920005,201212,DETROIT CRIME COMMISSION,990,true,https://s3.amazonaws.com/irs-form-990/201301359349300335_public.xml
382675191,201209,SOUTHEAST MICHIGAN COMMUNITY ALLIANCE,990,true,https://s3.amazonaws.com/irs-form-990/201301699349300200_public.xml
200703238,201212,ROOT CAUSE INSTITUTE INC,990,true,https://s3.amazonaws.com/irs-form-990/201331929349300133_public.xml
650350357,201212,MIAMI FOUNDATION INC,990,false,
222882549,201206,CITY YEAR INC,990,true,https://s3.amazonaws.com/irs-form-990/201331319349300603_public.xml
946050341,201109,UNITED STUDENT AID FUNDS INC,990,false,
382132136,201212,GENERAL MOTORS FOUNDATION INC,990PF,false,
383570727,201212,CITY CONNECT DETROIT,990,false,
383314318,201212,DETROIT POLICE ATHLETIC LEAGUE INCORPORATED,990,false,
382746810,201212,CARING ATHLETES TEAM FOR CHILDRENS AND HENRY FORD HOSPITALS,990,false,
382530980,201212,COMMUNITY FOUNDATION FOR SOUTHEAST MICHIGAN,990,false,
262310566,201209,M-1 RAIL,990,false,
383622930,201212,JOY SOUTHFIELD COMMUNITY DEVELOPMENT CORPORATION,990,false,
381360904,201212,GREATER DETROIT AREA HEALTH COUNCIL INC,990,false,
386087665,201212,MATILDA R WILSON FUND,990PF,false,
381359086,201212,GREAT LAKES COUNCIL INC BOY SCOUTS OF AMERICA 272,990,true,https://s3.amazonaws.com/irs-form-990/201332179349300908_public.xml
383068654,201212,MINERVA EDUCATION AND DEVELOPMENT FOUNDATION,990,false,
382575307,201211,GROSFELD FOUNDATION,990PF,false,
382880567,201212,GREATER DETROIT AND WINDSOR JAPAN AMERICA SOCIETY,990EZ,true,https://s3.amazonaws.com/irs-form-990/201302549349200020_public.xml
202263860,201212,WINNING FUTURES,990,true,https://s3.amazonaws.com/irs-form-990/201332319349300008_public.xml
946050341,201209,UNITED STUDENT AID FUNDS INC,990,true,https://s3.amazonaws.com/irs-form-990/201332189349301483_public.xml
383335060,201212,MICHIGAN YOUTH APPRECIATION FOUNDATION,990EZ,true,https://s3.amazonaws.com/irs-form-990/201302559349200760_public.xml
381359589,201212,ST VINCENT AND SARAH FISHER CENTER,990,true,https://s3.amazonaws.com/irs-form-990/201332329349300008_public.xml
208817646,201212,ENVIRONMENTAL GRANTMAKERS ASSOCIATION,990,false,
204781979,201209,CONNECTED THE CALIFORNIA CENTER FOR COLLEGE AND CAREER,990,true,https://s3.amazonaws.com/irs-form-990/201322279349301757_public.xml
381359592,201209,SOCIETY OF ST VINCENT DE PAUL IN THE ARCHDIOCESE OF DETROIT,990,true,https://s3.amazonaws.com/irs-form-990/201302259349300535_public.xml
363656836,201212,IFF,990,true,https://s3.amazonaws.com/irs-form-990/201302259349302870_public.xml
383463866,201212,HENRY FORD LEARNING INSTITUTE,990,true,https://s3.amazonaws.com/irs-form-990/201342269349301799_public.xml
237383042,201212,HENRY FORD HEALTH SYSTEM FOUNDATION,990,false,
300002873,201212,DETROIT 300 CONSERVANCY,990,false,
383548144,201212,ILITCH CHARITIES INC,990,false,
381545881,201306,UNIVERSITY MUSICAL SOCIETY,990,false,
260730096,201112,BIZDOM U FUND,990,true,https://s3.amazonaws.com/irs-form-990/201213199349305761_public.xml
131991717,201112,BAY AND PAUL FOUNDATIONS INC,990PF,false,
383622930,201212,JOY SOUTHFIELD COMMUNITY DEVELOPMENT CORPORATION,990,false,
262589947,201112,AQUACULTURE RESEARCH CORPORATION,990PF,true,https://s3.amazonaws.com/irs-form-990/201232279349100013_public.xml
386052131,201012,HUDSON-WEBBER FOUNDATION,990PF,false,
383588943,201012,TRANSPORTATION RIDERS UNITED INC,990EZ,false,
382708636,201012,DTE ENERGY FOUNDATION,990PF,false,
386099935,201112,THE CARLS FOUNDATION,990PF,true,https://s3.amazonaws.com/irs-form-990/201241449349100004_public.xml
202333719,201212,VOICES OF DETROIT INITIATIVE,990,true,https://s3.amazonaws.com/irs-form-990/201323139349300007_public.xml
650464177,201212,JOHN S AND JAMES L KNIGHT FOUNDATION,990PF,true,https://s3.amazonaws.com/irs-form-990/201303169349100195_public.xml
270472137,201212,AUTISM ALLIANCE OF MICHIGAN,990,true,https://s3.amazonaws.com/irs-form-990/201303179349300515_public.xml
383332791,201212,ARCUS FOUNDATION,990PF,false,
381575570,201212,WORLD MEDICAL RELIEF INC,990,false,
586073119,201212,DELTA AIR LINES FDN INC,990PF,false,
386052131,201212,HUDSON-WEBBER FOUNDATION,990PF,false,
911663695,201212,BILL AND MELINDA GATES FOUNDATION TRUST,990PF,false,
381211227,201212,CHARLES STEWART MOTT FOUNDATION,990PF,false,
380882424,201112,NORTH ROSEDALE PARK CIVIC ASSOCIATION,990,false,
131879954,201212,ANDREW W MELLON FOUNDATION,990PF,false,
381357020,201212,HENRY FORD HEALTH SYSTEM,990,true,https://s3.amazonaws.com/irs-form-990/201303169349302080_public.xml
271578269,201210,NEIGHBORS BUILDING BRIGHTMOOR,990EZ,false,
202263860,201112,WINNING FUTURES,990,true,https://s3.amazonaws.com/irs-form-990/201213459349300656_public.xml
383279650,201108,PUPPETART DETROIT PUPPET THEATER,990EZ,false,
320171869,201109,METRO DETROIT CENTER FOR INDEPENDENT LIVING INC DBA DISABILITY NETWORK OF WAYNE COUNTY,990,false,
382708636,201012,DTE ENERGY FOUNDATION,990PF,false,
205966333,201106,FRED A AND BARBARA M ERB FAMILY FOUNDATION,990PF,false,
310892078,201108,ETA PHI BETA SORORITY INCORPORATED,990EZ,false,
382311840,201109,ARAB AMERICAN AND CHALDEAN COUNCIL,990,false,
382143122,201212,ETHEL AND JAMES FLINN FOUNDATION,990PF,false,
381359217,201212,KRESGE FOUNDATION,990PF,false,
131991717,201212,BAY AND PAUL FOUNDATIONS INC,990PF,false,
381784340,201212,MAX M AND MARJORIE S FISHER FOUNDATION INC,990PF,false,
270304043,201212,BUILDING INNOVATIVE NEW GOVERNMENT INSTITUTE,990,false,
237093201,201212,NATHAN CUMMINGS FOUNDATION INC,990PF,false,
381675780,201212,SKILLMAN FOUNDATION,990PF,false,
203899187,201212,WILLIAM DAVIDSON FOUNDATION,990PF,false,
205838578,201212,VERA AND JOSEPH DRESNER FOUNDATION,990PF,false,
382708636,201212,DTE ENERGY FOUNDATION,990PF,false,
131684331,201212,FORD FOUNDATION,990PF,false,
386041517,201109,HERRICK FOUNDATION,990PF,false,
381539997,201106,MICHIGAN 4-H FOUNDATION,990,false,
382192028,201106,DETROIT ECONOMIC GROWTH CORPORATION,990,false,
383124115,201112,100 BLACK MEN OF GREATER DETROIT INC,990EZ,false,
381870033,201012,DETROIT BAR ASSOCIATION FOUNDATION,990EZ,false,
382977476,201112,DETROIT ALLIANCE FOR FAIR BANKING,990,false,
382433720,201106,DETROIT ECONOMIC GROWTH ASSOCIATION,990,false,
562393981,201112,KICK THE AGENCY FOR LGBT AFRICAN AMERICANS,990EZ,false,
383275525,201106,MICHIGAN ASSOCIATION OF PUBLIC SCHOOL ACADEMIES,990,false,
411694837,201106,FIRST CHILDRENS FINANCE,990,true,https://s3.amazonaws.com/irs-form-990/201240629349301439_public.xml
383319093,201109,MOTOR CITY BRASS BAND,990EZ,true,https://s3.amazonaws.com/irs-form-990/201200729349200305_public.xml
383303758,201112,EMMANUEL HOUSE,990,false,
270858135,201112,LOVE N KINDNESS COMMUNITY DEVELOPMENT CORPORATION,990EZ,false,
382420887,201110,STRATFORD SHAKESPEAREAN FESTIVAL OF AMERICA DBA STRATFORD FESTIVAL OR AMERICA,990,false,
381539997,201106,MICHIGAN 4-H FOUNDATION,990,false,
383373052,201112,COMERICA CHARITABLE FOUNDATION,990PF,false,
203099071,201106,UNITED WAY FOR SOUTHEASTERN MICHIGAN,990,true,https://s3.amazonaws.com/irs-form-990/201240899349300924_public.xml
311605982,201106,CREATIVE CAPITAL FOUNDATION,990,true,https://s3.amazonaws.com/irs-form-990/201220959349300917_public.xml
207097647,201112,A PAUL AND CAROL C SCHAPP FOUNDATION,990PF,false,
380808800,201106,MCGREGOR FUND,990PF,false,
383452577,201112,THOMPSON FOUNDATION,990PF,false,
383332791,200912,ARCUS FOUNDATION,990PF,false,
383332791,201012,ARCUS FOUNDATION,990PF,false,
380508823,201106,ECONOMIC CLUB OF DETROIT DBA DETROIT ECONOMIC CLUB,990,false,
300107259,201112,THOMPSON EDUCATIONAL FOUNDATION,990PF,false,
300135450,201106,DETROIT PUBLIC SCHOOLS FOUNDATION,990,false,
382832969,201112,OPTIMIST CLUB FOUNDATION OF CENTRAL DETROIT,990EZ,false,
381359264,201108,WK KELLOGG FOUNDATION,990PF,true,https://s3.amazonaws.com/irs-form-990/201200909349100005_public.xml
381358052,201106,TRAVELERS AID SOCIETY OF METROPOLITAN DETROIT,990,true,https://s3.amazonaws.com/irs-form-990/201231249349300333_public.xml
222882549,201106,CITY YEAR INC,990,true,https://s3.amazonaws.com/irs-form-990/201241289349300634_public.xml
383332791,200612,ARCUS FOUNDATION,990PF,false,
383332791,200712,ARCUS FOUNDATION,990PF,false,
383332791,200812,ARCUS FOUNDATION,990PF,false,
381359063,201106,ST JOHN HOSPITAL AND MEDICAL CENTER,990,true,https://s3.amazonaws.com/irs-form-990/201201379349300745_public.xml
131684331,201109,FORD FOUNDATION,990PF,true,https://s3.amazonaws.com/irs-form-990/201211329349101176_public.xml
421740232,201106,NEXT DETROIT NEIGHBORHOOD INITIATIVE,990,true,https://s3.amazonaws.com/irs-form-990/201241369349301744_public.xml
386087665,201112,MATILDA R WILSON FUND,990PF,false,
331140762,201109,DETROIT BLACK COMM FOOD SECURITY NTWK,990,true,https://s3.amazonaws.com/irs-form-990/201231119349300328_public.xml
371476114,201112,MICHIGAN INTERFAITH VOICE,990EZ,false,
382530980,201112,COMMUNITY FOUNDATION FOR SOUTHEAST MICHIGAN,990,false,
382672000,201109,SOUTHWEST SOLUTIONS INC,990,true,https://s3.amazonaws.com/irs-form-990/201232289349300408_public.xml
382675191,201109,SOUTHEAST MICHIGAN COMMUNITY ALLIANCE,990,true,https://s3.amazonaws.com/irs-form-990/201202289349300010_public.xml
586073119,201112,DELTA AIR LINES FDN,990PF,false,
204781979,201109,CONNECTED THE CALIFORNIA CENTER FOR COLLEGE AND CAREER,990,true,https://s3.amazonaws.com/irs-form-990/201212279349303786_public.xml
262310566,201109,M-1 RAIL,990,false,
381360904,201112,GREATER DETROIT AREA HEALTH COUN INC,990,false,
382132136,201112,GENERAL MOTORS FOUNDATION INC,990PF,false,
381359592,201109,SOCIETY OF ST VINCENT DE PAUL IN THE ARCHDIOCESE OF DETROIT DBA SOCIETY OF ST VINCENT DE PAUL - DET,990,false,
380882424,201112,NORTH ROSEDALE PARK CIVIC ASSOCIATION,990,false,
203899187,201112,WILLIAM DAVIDSON FOUNDATION,990PF,false,
382132136,201012,GENERAL MOTORS FOUNDATION INC,990PF,false,
382132136,200912,GENERAL MOTORS FOUNDATION INC,990PF,false,
383622930,201112,JOY SOUTHFIELD COMMUNITY DEVELOPMENT CORPORATION,990,false,
382746810,201112,CARING ATHLETES TEAM FOR CHILDRENS AND HENRY FORD HOSPITALS,990,false,
381575570,201112,WORLD MEDICAL RELIEF INC,990,false,
382575307,201111,GROSFELD FOUNDATION,990PF,false,
381359086,201112,GREAT LAKES COUNCIL INC BOY SCOUTS OF AMERICA 272,990,true,https://s3.amazonaws.com/irs-form-990/201211639349300571_public.xml
363656836,201112,IFF,990,true,https://s3.amazonaws.com/irs-form-990/201212169349300106_public.xml
200703238,201112,ROOT CAUSE INSTITUTE INC,990,true,https://s3.amazonaws.com/irs-form-990/201231929349300858_public.xml
381532540,201112,CHILDRENS AID SOCIETY,990,true,https://s3.amazonaws.com/irs-form-990/201212149349300316_public.xml
381211227,201112,CHARLES STEWART MOTT FOUNDATION,990PF,false,
382880567,201112,GREATER DETROIT AND WINDSOR JAPAN-AMERICA SOCIETY,990EZ,false,
383314318,201112,THINK DETROIT POLICE ATHLETIC LEAGUE INCORPORATED,990,false,
223931720,201112,ALLIANCE OF ROUGE COMMUNITIES,990,true,https://s3.amazonaws.com/irs-form-990/201212899349300621_public.xml
383463866,201112,HENRY FORD LEARNING INSTITUTE,990,true,https://s3.amazonaws.com/irs-form-990/201232509349300518_public.xml
383068654,201112,MINERVA EDUCATION AND DEVELOPMENT FOUNDATION,990,true,https://s3.amazonaws.com/irs-form-990/201212509349300601_public.xml
381532540,201112,CHILDRENS AID SOCIETY,990,true,https://s3.amazonaws.com/irs-form-990/201202979349300525_public.xml
262518642,201112,TEEN HYPE,990,true,https://s3.amazonaws.com/irs-form-990/201242289349304154_public.xml
911663695,201112,BILL AND MELINDA GATES FOUNDATION TRUST,990PF,false,
383332791,201112,ARCUS FOUNDATION,990PF,false,
205838578,201112,VERA AND JOSEPH DRESNER FOUNDATION,990PF,true,https://s3.amazonaws.com/irs-form-990/201200889349100610_public.xml
237192025,201206,NORTH AMERICAN INDIAN ASSOCIATINO OF DETROIT INC,990EZ,false,
383319093,201209,MOTOR CITY BRASS BAND,990EZ,true,https://s3.amazonaws.com/irs-form-990/201223149349200237_public.xml
237383042,201012,HENRY FORD HEALTH SYSTEM FOUNDATION,990,false,
383570727,201012,CITY CONNECT DETROIT,990,false,
208817646,201012,ENVIRONMENTAL GRANTMAKERS ASSOCIATION,990,false,
381545881,201106,UNIVERSITY MUSICAL SOCIETY,990,false,
382825019,201106,NONPROFIT ENTERPRISE AT WORK INC DBA NEW CENTER,990,true,https://s3.amazonaws.com/irs-form-990/201123209349300322_public.xml
270472137,201012,AUTISM ALLIANCE OF MICHIGAN,990,false,
382143122,201112,ETHEL AND JAMES FLINN FOUNDATION,990PF,false,
382708636,201112,DTE ENERGY FOUNDATION,990PF,false,
382030679,201012,PAYNE - PULLIAM SCHOOL OF TRADE AND COMMERCE,990,true,https://s3.amazonaws.com/irs-form-990/201212519349300121_public.xml
386052131,201112,HUDSON-WEBBER FOUNDATION,990PF,false,
383548144,201112,ILITCH CHARITIES INC,990,false,
381675780,201112,SKILLMAN FOUNDATION,990PF,false,
381359217,201112,KRESGE FOUNDATION,990PF,false,
411694837,201206,FIRST CHILDRENS FINANCE,990,true,https://s3.amazonaws.com/irs-form-990/201223219349300627_public.xml
383588943,201112,TRANSPORTATION RIDERS UNITED INC,990,false,
383570727,201112,CITY CONNECT DETROIT,990,false,
381784340,201112,MAX M AND MARJORIE S FISHER FOUNDATION INC,990PF,false,
381362823,201112,GOODWILL INDUSTRIES OF GREATER DETROIT,990,true,https://s3.amazonaws.com/irs-form-990/201243119349301529_public.xml
237383042,201112,HENRY FORD HEALTH SYSTEM FOUNDATION,990,false,
452920005,201112,DETROIT CRIME COMMISSION,990,false,
382825019,201206,NONPROFIT ENTERPRISE AT WORK INC,990,true,https://s3.amazonaws.com/irs-form-990/201203319349300000_public.xml
650350357,201112,MIAMI COMMUNITY FOUNDATION INC,990,false,
383279650,201308,PUPPETART,990EZ,true,https://s3.amazonaws.com/irs-form-990/201323549349200602_public.xml
383068654,201412,MINERVA EDUCATION AND DEVELOPMENT FOUNDATION,990,true,https://s3.amazonaws.com/irs-form-990/201533039349300013_public.xml
382708636,201412,DTE ENERGY FOUNDATION,990PF,true,https://s3.amazonaws.com/irs-form-990/201533179349102003_public.xml
202333719,201012,VOICES OF DETROIT INITIATIVE,990,true,https://s3.amazonaws.com/irs-form-990/201103199349303725_public.xml
382684772,201001,PARADE COMPANY,990,false,
310892078,201008,ETA PHI BETA SORORITY INC,990EZ,false,
320171869,200912,METRO DETROIT CENTER FOR INDEPENDENT LIVING INC,990,false,
380508823,200906,ECONOMIC CLUB OF DETROIT,990,false,
204781979,200909,CONNECTED THE CALIFORNIA CENTER FOR COLLEGE AND CAREER,990,false,
383068654,200912,MINERVA EDUCATION AND DEVELOPMENT,990,false,
203903427,201112, SUNLIGHT FOUNDATION,990,true,https://s3.amazonaws.com/irs-form-990/201223129349300032_public.xml
222882549,200406,CITY YEAR INC,990,false,
222882549,200506,CITY YEAR INC,990,false,
222882549,200906,CITY YEAR INC,990,false,
382192028,201006,DETROIT ECONOMIC GROWTH CORPORATION,990,false,
300101343,201006,WOMENS LEADERSHIP FORUM,990,true,https://s3.amazonaws.com/irs-form-990/201120459349301657_public.xml
382433720,201006,DETROIT ECONOMIC GROWTH ASSOCIATION,990,false,
381539997,201006,MICHIGAN 4H FOUNDATION,990,false,
382487626,201010,FREEDOM HOUSE INC,990,true,https://s3.amazonaws.com/irs-form-990/201100569349300005_public.xml
383303758,201012,EMMANUEL HOUSE,990,false,
383502936,201006,NEW URBAN LEARNING,990,true,https://s3.amazonaws.com/irs-form-990/201130739349300408_public.xml
383124115,201012,100 BLACK MEN OF GREATER DETROIT INC,990EZ,false,
382420887,201010,STRATFORD SHAKESPERREAN FESTIVAL OF AMERICA,990,false,
203099071,201006,UNITED WAY FOR SOUTHEASTERN MICHIGAN,990,true,https://s3.amazonaws.com/irs-form-990/201120889349300802_public.xml
311605982,201006,CREATIVE CAPITAL FOUNDATION,990,false,
383353746,200912,DETROIT WORKFORCE DEVELOPMENT BOARD,990PF,false,
382977476,201012,DETROIT ALLIANCE FOR FAIR BANKING,990,false,
382832969,201012,OPTIMIST CLUB FOUNDATION OF CENTRAL DETROIT,990EZ,false,
380808800,201006,MCGREGOR FUND,990PF,false,
207097647,201012,A PAUL AND CAROL C SCHAPP FOUNDATION,990PF,false,
386041517,201009,HERRICK FOUNDATION,990PF,false,
300107259,201012,THOMPSON EDUCATIONAL FOUNDATION,990PF,false,
386087665,201012,MATILDA R WILSON FUND,990PF,false,
222882549,201006,CITY YEAR INC,990,true,https://s3.amazonaws.com/irs-form-990/201111329349301651_public.xml
381359592,201009,SOCIETY OF ST VINCENT DE PAUL IN THE ARCHDIOCESE OF DETROIT,990,true,https://s3.amazonaws.com/irs-form-990/201121369349306487_public.xml
380508823,201006,ECONOMIC CLUB OF DETROIT DBA DETROIT ECONOMIC CLUB,990,false,
300135450,201006,DETROIT PUBLIC SCHOOLS FOUNDATION,990,false,
273073516,201012,REPLANTING ROOTS,990EZ,false,
380882424,201012,NORTH ROSEDALE PARK CIVIC ASSOCIATION,990EZ,false,
421740232,201006,NEXT DETROIT NEIGHBORHOOD INITIATIVE,990,false,
382132136,201012,GENERAL MOTORS FOUNDATION INC,990PF,false,
381359592,201009,SOCIETY OF ST VINCENT DE PAUL IN THE ARCHD DBA SOCIETY OF ST VINCENT DE PAUL DETROIT,990,false,
383452577,201012,THOMPSON FOUNDATION,990PF,false,
383314318,201012,THINK DETROIT POLICE ATHLETIC LEAGUE INCORPORATED,990,false,
383252560,200912,DETROIT COMMUNITY INITIATIVE INC,990EZ,false,
946050341,201009,UNITED STUDENT AID FUNDS INC,990,true,https://s3.amazonaws.com/irs-form-990/201122169349300127_public.xml
432078767,200809,DETROIT RECOVERY PROJECT,990,false,
586073119,201012,DELTA AIR LINES FDN,990PF,false,
203899187,201012,WILLIAM DAVIDSON FOUNDATION,990PF,false,
383373052,201012,COMERICA CHARITABLE FOUNDATION,990PF,false,
262310566,201009,M-1 RAIL,990,false,
381360904,201012,GREATER DETROIT AREA HEALTH COUNCIL INC,990,false,
382684772,201101,PARADE COMPANY,990,false,
262589947,201012,AQUACULTURE RESEARCH CORPORATION,990PF,false,
262589947,201012,AQUACULTURE RESEARCH CORPORATION,990PF,false,
382675191,201009,SOUTHEAST MICHIGAN COMMUNITY ALLIANCE,990,true,https://s3.amazonaws.com/irs-form-990/201142289349301739_public.xml
382530980,201012,COMMUNITY FOUNDATION FOR SOUTHEASTERN MICHIGAN,990,false,
262518642,201012,TEEN H Y P E,990,false,
381359589,201012,ST VINCENT AND SARAH FISHER CENTER,990,true,https://s3.amazonaws.com/irs-form-990/201122229349301487_public.xml
371476114,201012,MICHIGAN INTERFAITH VOICE,990,false,
382575307,201011,GROSFELD FOUNDATION,990PF,false,
363656836,201012,IFF,990,true,https://s3.amazonaws.com/irs-form-990/201132249349301903_public.xml
382672000,201009,SOUTHWEST SOLUTIONS INC,990,true,https://s3.amazonaws.com/irs-form-990/201142279349302264_public.xml
383068654,201012,MINERVA EDUCATION AND DEVELOPMENT FOUNDATION,990,true,https://s3.amazonaws.com/irs-form-990/201102309349300525_public.xml
204781979,201009,CONNECTED THE CALIFORNIA CENTER FOR COLLEGE AND CAREER,990,true,https://s3.amazonaws.com/irs-form-990/201132279349302463_public.xml
383622930,201012,JOY SOUTHFIELD COMMUNITY DEVELOPMENT CORPORATION,990,false,
382746810,201012,CARING ATHLETES TEAM FOR CHILDRENS AND HENRY FORD HOSPITALS,990,false,
381689662,201012,MILLAN THEATRE COMPANY,990,true,https://s3.amazonaws.com/irs-form-990/201101229349300770_public.xml
381359086,201012,GREAT LAKES COUNCIL INC BOY SCOUTS OF AMERICA,990,true,https://s3.amazonaws.com/irs-form-990/201111469349300916_public.xml
382843769,201012,DETROIT LITERACY COALITION,990EZ,true,https://s3.amazonaws.com/irs-form-990/201141319349202169_public.xml
270304043,201012,BUILDING INNOVATIVE NEW GOVERNMENT INSTITUTE,990,true,https://s3.amazonaws.com/irs-form-990/201101929349300800_public.xml
386087371,201012,CHRYSLER FOUNDATION,990PF,true,https://s3.amazonaws.com/irs-form-990/201101999349100100_public.xml
200703238,201012,ROOT CAUSE INSTITUTE INC,990,true,https://s3.amazonaws.com/irs-form-990/201132159349300008_public.xml
382030679,201012,PAYNE PULLIAM SCHOOL OF TRADE AND COMMERCE,990,true,https://s3.amazonaws.com/irs-form-990/201142579349300309_public.xml
946050341,200609,UNITED STUDENT AID FUNDS INC,990,false,
946050341,200809,UNITED STUDENT AID FUNDS INC,990,false,
946050341,200709,UNITED STUDENT AID FUNDS INC,990,false,
381784340,201012,MAX M AND MARJORIE S FISHER FOUNDATION INC,990PF,false,
237192025,201106,NORTH AMERICAN INDIAN ASSOCIATION OF DETROIT INC,990EZ,false,
226029397,201012,ROBERT WOOD JOHNSON FOUNDATION,990PF,true,https://s3.amazonaws.com/irs-form-990/201103119349100410_public.xml
382880567,201312,GREATER DETROIT AND WINDSOR JAPAN AMERICA SOCIETY,990EZ,true,https://s3.amazonaws.com/irs-form-990/201402679349200855_public.xml
381359086,201312,GREAT LAKES COUNCIL INC BOY SCOUTS OF AMERICA 272,990,true,https://s3.amazonaws.com/irs-form-990/201403189349308280_public.xml
381532540,201312,CHILDRENS AID SOCIETY,990,true,https://s3.amazonaws.com/irs-form-990/201402589349301355_public.xml
386099935,201012,CARLS FOUNDATION,990PF,true,https://s3.amazonaws.com/irs-form-990/201111319349101331_public.xml
203903427,201012,SUNLIGHT FOUNDATION,990,true,https://s3.amazonaws.com/irs-form-990/201101329349302525_public.xml
205838578,201012,VERA AND JOSEPH DRESNER FOUNDATION,990PF,true,https://s3.amazonaws.com/irs-form-990/201110889349100601_public.xml
260730096,201412,BIZDOM FUND,990,true,https://s3.amazonaws.com/irs-form-990/201533209349310648_public.xml
237101167,201312,BUSINESS LEADERS FOR MICHIGAN FOUNDATION,990,true,https://s3.amazonaws.com/irs-form-990/201401349349301715_public.xml
131659629,201012,ROCKEFELLER FOUNDATION,990PF,true,https://s3.amazonaws.com/irs-form-990/201133189349101653_public.xml
650464177,201012,JOHN S AND JAMES L KNIGHT FOUNDATION,990PF,true,https://s3.amazonaws.com/irs-form-990/201133189349101668_public.xml
300002873,201012,DETROIT 300 CONSERVANCY,990,false,
382880567,201012,GREATER DETROIT AND WINDSOR JAPAN-AMERICA SOCIETY,990EZ,false,
260730096,201012,BIZDOM U FUND,990,true,https://s3.amazonaws.com/irs-form-990/201143189349302839_public.xml
650350357,201012,MIAMI FOUNDATION INC,990,false,
911663695,201012,BILL AND MELINDA GATES FOUNDATION TRUST,990PF,false,
383332791,201012,ARCUS FOUNDATION,990PF,false,
381362823,201012,GOODWILL INDUSTRIES OF GREATER DETROIT,990,true,https://s3.amazonaws.com/irs-form-990/201102909349300515_public.xml
237093201,201012,NATHAN CUMMINGS FOUNDATION INC,990PF,false,
381211227,201012,CHARLES STEWART MOTT FOUNDATION,990PF,false,
383548144,201012,ILITCH CHARITIES INC,990,false,
381532540,201012,CHILDRENS AID SOCIETY,990,true,https://s3.amazonaws.com/irs-form-990/201113199349306346_public.xml
381575570,201012,WORLD MEDICAL RELIEF INC,990,false,
382825019,201106,NONPROFIT ENTERPRISE AT WORK INC DBA NEW CENTER,990,true,https://s3.amazonaws.com/irs-form-990/201133189349301958_public.xml
382575307,201411,GROSFELD FOUNDATION,990PF,false,
382672000,201409,SOUTHWEST SOLUTIONS INC,990,true,https://s3.amazonaws.com/irs-form-990/201532299349301603_public.xml
383342664,201412,JAZZ NETWORK FOUNDATION INC,990EZ,true,https://s3.amazonaws.com/irs-form-990/201502309349200300_public.xml
270472137,201312,AUTISM ALLIANCE OF MICHIGAN,990,true,https://s3.amazonaws.com/irs-form-990/201412259349300946_public.xml
131879954,201012,ANDREW W MELLON FOUNDATION,990PF,false,
131991717,201012,BAY AND PAUL  FOUNDATIONS INC,990PF,false,
382143122,201012,ETHEL AND JAMES FLINN FOUNDATION,990PF,false,
381675780,201012,SKILLMAN FOUNDATION,990PF,false,
381359217,201012,KRESGE FOUNDATION,990PF,false,
131684331,201312,FORD FOUNDATION,990PF,true,https://s3.amazonaws.com/irs-form-990/201423149349100332_public.xml
363656836,201312,IFF,990,true,https://s3.amazonaws.com/irs-form-990/201423159349300337_public.xml
381689662,201312,MILLAN THEATRE COMPANY,990,true,https://s3.amazonaws.com/irs-form-990/201421539349300427_public.xml
383463866,201312,HENRY FORD LEARNING INSTITUTE,990,true,https://s3.amazonaws.com/irs-form-990/201422269349304302_public.xml
383588943,201312,TRANSPORTATION RIDERS UNITED INC,990,true,https://s3.amazonaws.com/irs-form-990/201421789349300302_public.xml
204781979,201309,CONNECTED THE CALIFORNIA CENTER FOR COLLEGE AND CAREER,990,true,https://s3.amazonaws.com/irs-form-990/201422279349304322_public.xml
202263860,201312,WINNING FUTURES,990,true,https://s3.amazonaws.com/irs-form-990/201421829349300137_public.xml
222882549,201306,CITY YEAR INC,990,true,https://s3.amazonaws.com/irs-form-990/201431289349300508_public.xml
311605982,201306,CREATIVE CAPITAL FOUNDATION,990,true,https://s3.amazonaws.com/irs-form-990/201430939349300328_public.xml
383502936,201306,NEW URBAN LEARNING,990,true,https://s3.amazonaws.com/irs-form-990/201441359349302359_public.xml
274227822,201306,BOGGS EDUCATIONAL CENTER PROJECT TEAM,990EZ,true,https://s3.amazonaws.com/irs-form-990/201441349349200839_public.xml
300002873,201312,DETROIT 300 CONSERVANCY,990,true,https://s3.amazonaws.com/irs-form-990/201433189349301903_public.xml
381362823,201312,GOODWILL INDUSTRIES OF GREATER DETROIT,990,true,https://s3.amazonaws.com/irs-form-990/201443149349300419_public.xml
650464177,201312,JOHN S AND JAMES L KNIGHT FOUNDATION,990PF,true,https://s3.amazonaws.com/irs-form-990/201443189349100304_public.xml
383570727,201312,CITY CONNECT DETROIT,990,true,https://s3.amazonaws.com/irs-form-990/201443189349305849_public.xml
382030679,201312,PAYNE - PULLIAM SCHOOL OF TRADE AND COMMERCE,990,true,https://s3.amazonaws.com/irs-form-990/201443189349309004_public.xml
203903427,201412,SUNLIGHT FOUNDATION,990,true,https://s3.amazonaws.com/irs-form-990/201533209349313328_public.xml
381368516,201006,UNITED CEREBRAL PALSY ASSOCIATION OF METRO DETROIT,990,true,https://s3.amazonaws.com/irs-form-990/201100139349301320_public.xml
205966333,201506,FRED A AND BARBARA M ERB FAMILY FOUNDATION,990PF,false,
386041517,201509,HERRICK FOUNDATION,990PF,false,
381357020,201012,HENRY FORD HEALTH SYSTEM,990,true,https://s3.amazonaws.com/irs-form-990/201133189349303933_public.xml
381359264,201008,WKKELLOGG FOUNDATION,990PF,true,https://s3.amazonaws.com/irs-form-990/201140129349100259_public.xml
382311840,201009,ARAB AMERICAN AND CHALDEAN COUNCIL INC,990,true,https://s3.amazonaws.com/irs-form-990/201142279349303369_public.xml
386159811,201012,UKRAINIAN AMERICAN ARCHIVES AND MUSEUM INC,990EZ,true,https://s3.amazonaws.com/irs-form-990/201143199349200834_public.xml
381358052,201006,TRAVELERS AID SOCIETY OF METROPOLITAN DETROIT,990,true,https://s3.amazonaws.com/irs-form-990/201141329349302679_public.xml
223931720,201012,ALLIANCE OF ROUGE COMMUNITIES,990,true,https://s3.amazonaws.com/irs-form-990/201142299349300604_public.xml
381359063,201006,ST JOHN HOSPITAL AND MEDICAL CENTER,990,true,https://s3.amazonaws.com/irs-form-990/201141369349302034_public.xml
382292187,201112,MICHIGAN MINORITY SUPPLIER DEVELOPMENT COUNCIL INC,990,true,https://s3.amazonaws.com/irs-form-990/201213199349304681_public.xml
381357020,201112,HENRY FORD HEALTH SYSTEM,990,true,https://s3.amazonaws.com/irs-form-990/201203189349302740_public.xml
382030679,201112,PAYNE PULLIAM SCHOOL OF TRADE AND COMMERCE,990,true,https://s3.amazonaws.com/irs-form-990/201233199349302723_public.xml
226029397,201112,THE ROBERT WOOD JOHNSON FOUNDATION,990PF,true,https://s3.amazonaws.com/irs-form-990/201223109349100162_public.xml
202333719,201112,VOICES OF DETROIT INITIATIVE,990,true,https://s3.amazonaws.com/irs-form-990/201233209349301988_public.xml
382880567,201112,GREATER DETROIT AND WINDSOR JAPAN AMERICA SOCIETY,990EZ,true,https://s3.amazonaws.com/irs-form-990/201242589349200409_public.xml
650464177,201112,JOHN S AND JAMES L KNIGHT FOUNDATION,990PF,true,https://s3.amazonaws.com/irs-form-990/201243139349100424_public.xml
381359589,201112,ST VINCENT AND SARAH FISHER CENTER,990,true,https://s3.amazonaws.com/irs-form-990/201212769349300321_public.xml
383335060,201112,MICHIGAN YOUTH APPRECIATION FOUNDATION,990EZ,true,https://s3.amazonaws.com/irs-form-990/201211889349200716_public.xml
237101167,201112,BUSINESS LEADERS FOR MICHIGAN FOUNDATION,990,true,https://s3.amazonaws.com/irs-form-990/201223199349300132_public.xml
381689662,201112,MILLAN THEATRE COMPANY,990,true,https://s3.amazonaws.com/irs-form-990/201221719349300632_public.xml
386159811,201112,UKRAINIAN AMERICAN ARCHIVES AND MUSEUM INC,990EZ,true,https://s3.amazonaws.com/irs-form-990/201221729349200307_public.xml
381368516,201106,UNITED CEREBRAL PALSY ASSOCIATION OF METRO DETROIT,990,true,https://s3.amazonaws.com/irs-form-990/201133539349300318_public.xml
133600232,201112,CORPORATION FOR SUPPORTIVE HOUSING,990,true,https://s3.amazonaws.com/irs-form-990/201232779349300013_public.xml
382843769,201112,DETROIT LITERACY COALITION,990EZ,true,https://s3.amazonaws.com/irs-form-990/201231369349204838_public.xml
383502936,201106,NEW URBAN LEARNING,990,true,https://s3.amazonaws.com/irs-form-990/201231369349304313_public.xml
432078767,201209,DETROIT RECOVERY PROJECT,990,true,https://s3.amazonaws.com/irs-form-990/201311719349300616_public.xml
381359063,201206,ST JOHN HOSPITAL AND MEDICAL CENTER,990,true,https://s3.amazonaws.com/irs-form-990/201311349349301826_public.xml
237101167,201212,BUSINESS LEADERS FOR MICHIGAN FOUNDATION,990,true,https://s3.amazonaws.com/irs-form-990/201312129349300141_public.xml
133600232,201212,CORPORATION FOR SUPPORTIVE HOUSING,990,true,https://s3.amazonaws.com/irs-form-990/201302799349300200_public.xml
131684331,201209,FORD FOUNDATION,990PF,true,https://s3.amazonaws.com/irs-form-990/201321309349100122_public.xml
131659629,201212, ROCKEFELLER FOUNDATION,990PF,true,https://s3.amazonaws.com/irs-form-990/201313169349101021_public.xml
300101343,201106,WOMENS LEADERSHIP FORUM,990,true,https://s3.amazonaws.com/irs-form-990/201241329349301974_public.xml
386087371,201112,CHRYSLER FOUNDATION,990PF,true,https://s3.amazonaws.com/irs-form-990/201242219349100009_public.xml
382487626,201110,FREEDOM HOUSE INC,990,true,https://s3.amazonaws.com/irs-form-990/201241609349300209_public.xml
946050341,201109,UNITED STUDENT AID FUNDS INC,990,true,https://s3.amazonaws.com/irs-form-990/201242269349302209_public.xml
383252560,201212,DETROIT COMMUNITY INITIATIVE INC,990,true,https://s3.amazonaws.com/irs-form-990/201332669349300818_public.xml
311605982,201206,CREATIVE CAPITAL FOUNDATION,990,true,https://s3.amazonaws.com/irs-form-990/201340879349300034_public.xml
381358052,201206,TRAVELERS AID SOCIETY OF METROPOLITAN DETROIT,990,true,https://s3.amazonaws.com/irs-form-990/201340669349300504_public.xml
381362823,201212,GOODWILL INDUSTRIES OF GREATER DETROIT,990,true,https://s3.amazonaws.com/irs-form-990/201333039349301213_public.xml
386099935,201212,CARLS FOUNDATION,990PF,true,https://s3.amazonaws.com/irs-form-990/201301639349100505_public.xml
451447048,201506,LEADING EDUCATORS INC,990,true,https://s3.amazonaws.com/irs-form-990/201533499349300983_public.xml
383252560,201112,DETROIT COMMUNITY INITIATIVE INC,990,true,https://s3.amazonaws.com/irs-form-990/201342429349300429_public.xml
382672000,201209,SOUTHWEST SOLUTIONS INC,990,true,https://s3.amazonaws.com/irs-form-990/201312279349300146_public.xml
202263860,201412,WINNING FUTURES,990,true,https://s3.amazonaws.com/irs-form-990/201501549349300710_public.xml
371476114,201412,MICHIGAN INTERFAITH VOICE,990EZ,true,https://s3.amazonaws.com/irs-form-990/201503199349200210_public.xml
381357020,201412,HENRY FORD HEALTH SYSTEM,990,true,https://s3.amazonaws.com/irs-form-990/201513179349303591_public.xml
380882424,201412,NORTH ROSEDALE PARK CIVIC ASSOCIATION,990,true,https://s3.amazonaws.com/irs-form-990/201513209349310036_public.xml
300101343,201406,WOMENS LEADERSHIP FORUM,990,true,https://s3.amazonaws.com/irs-form-990/201520649349300322_public.xml
383463866,201012,HENRY FORD LEARNING INSTITUTE,990,true,https://s3.amazonaws.com/irs-form-990/201102779349300755_public.xml
202263860,201012,WINNING FUTURES,990,true,https://s3.amazonaws.com/irs-form-990/201103189349303360_public.xml
200703238,201412,ROOT CAUSE INSTITUTE INC,990,true,https://s3.amazonaws.com/irs-form-990/201533169349302643_public.xml
386099935,201412,CARLS FOUNDATION,990PF,true,https://s3.amazonaws.com/irs-form-990/201531609349100323_public.xml
381539997,201406,MICHIGAN 4-H FOUNDATION,990,true,https://s3.amazonaws.com/irs-form-990/201541139349300624_public.xml
383303758,201412,EMMANUEL HOUSE,990,true,https://s3.amazonaws.com/irs-form-990/201541559349300204_public.xml
262518642,201412,TEEN HYPE,990,true,https://s3.amazonaws.com/irs-form-990/201542039349300234_public.xml
382292187,201012,MICHIGAN MINORITY SUPPLIER DEVELOPMENT COUNCIL INC,990,true,https://s3.amazonaws.com/irs-form-990/201123199349305772_public.xml
383353746,201506,DETROIT EMPLOYMENT SOLUTIONS CORPORATION,990PF,false,
133600232,201012,CORPORATION FOR SUPPORTIVE HOUSING,990,true,https://s3.amazonaws.com/irs-form-990/201132699349300713_public.xml
274227822,201106,BOGGS EDUCATIONAL CENTER PROJECT TEAM,990EZ,true,https://s3.amazonaws.com/irs-form-990/201123049349200127_public.xml
386087371,201212,CHRYSLER FOUNDATION,990PF,true,https://s3.amazonaws.com/irs-form-990/201332269349100428_public.xml
383588943,201212,TRANSPORTATION RIDERS UNITED INC,990,true,https://s3.amazonaws.com/irs-form-990/201333099349301318_public.xml
381689662,201212,MILLAN THEATRE COMPANY,990,true,https://s3.amazonaws.com/irs-form-990/201331629349300748_public.xml
380882424,201212,NORTH ROSEDALE PARK CIVIC ASSOCIATION,990EZ,true,https://s3.amazonaws.com/irs-form-990/201333109349200603_public.xml
382843769,201212,DETROIT LITERACY COALITION,990EZ,true,https://s3.amazonaws.com/irs-form-990/201342259349201159_public.xml
352445761,201309,INSTITUTE FOR POPULATION HEALTHINC,990,true,https://s3.amazonaws.com/irs-form-990/201501159349300400_public.xml
352445761,201309,INSTITUTE FOR POPULATION HEALTHINC,990,true,https://s3.amazonaws.com/irs-form-990/201442279349302524_public.xml
203099071,201406,UNITED WAY FOR SOUTHEASTERN MICHIGAN,990,true,https://s3.amazonaws.com/irs-form-990/201500899349300810_public.xml
131659629,201112,ROCKEFELLER FOUNDATION,990PF,true,https://s3.amazonaws.com/irs-form-990/201213199349100731_public.xml
382030679,201212,PAYNE - PULLIAM SCHOOL OF TRADE AND COMMERCE,990,true,https://s3.amazonaws.com/irs-form-990/201313069349300101_public.xml
383275525,201206,MICHIGAN ASSOCIATION OF PUBLIC SCHOOL ACADEMIES,990,true,https://s3.amazonaws.com/irs-form-990/201320429349300537_public.xml
381359264,201208,WKKELLOGG FOUNDATION,990PF,true,https://s3.amazonaws.com/irs-form-990/201310119349100206_public.xml
382030679,201412,PAYNE - PULLIAM SCHOOL OF TRADE AND COMMERCE,990,true,https://s3.amazonaws.com/irs-form-990/201523179349307547_public.xml
383279650,201508,PUPPETART,990EZ,true,https://s3.amazonaws.com/irs-form-990/201630129349200418_public.xml
382143122,201412,ETHEL AND JAMES FLINN FOUNDATION,990PF,false,
223931720,201412,ALLIANCE OF ROUGE COMMUNITIES,990,true,https://s3.amazonaws.com/irs-form-990/201512269349301581_public.xml
352445761,201409,INSTITUTE FOR POPULATION HEALTH INC,990,true,https://s3.amazonaws.com/irs-form-990/201512269349304511_public.xml
226029397,201412,ROBERT WOOD JOHNSON FOUNDATION,990PF,true,https://s3.amazonaws.com/irs-form-990/201513079349100316_public.xml
131659629,201412,ROCKEFELLER FOUNDATION,990PF,true,https://s3.amazonaws.com/irs-form-990/201513159349100701_public.xml
381360904,201412,GREATER DETROIT AREA HEALTH COUNCIL INC,990,true,https://s3.amazonaws.com/irs-form-990/201512319349300436_public.xml
262518642,201212,TEEN HYPE,990,true,https://s3.amazonaws.com/irs-form-990/201302279349302340_public.xml
381359264,201408,WKKELLOGG FOUNDATION,990PF,true,https://s3.amazonaws.com/irs-form-990/201500149349100200_public.xml
381689662,201412,MILLAN THEATRE COMPANY,990,true,https://s3.amazonaws.com/irs-form-990/201501329349301230_public.xml
381359592,201409,SOCIETY OF ST VINCENT DE PAUL IN THE ARCHDIOCESE OF DETROIT,990,true,https://s3.amazonaws.com/irs-form-990/201512259349303246_public.xml
382487626,201410,FREEDOM HOUSE INC,990,true,https://s3.amazonaws.com/irs-form-990/201532589349301303_public.xml
311605982,201506,CREATIVE CAPITAL FOUNDATION,990,true,https://s3.amazonaws.com/irs-form-990/201600349349300205_public.xml
382420887,201510,STRATFORD SHAKESPEAREAN FESTIVAL OF AMERICA,990,false,
300135450,201506,DETROIT PUBLIC SCHOOLS FOUNDATION,990,false,
237101167,201012,BUSINESS LEADERS FOR MICHIGAN FOUNDATION,990,true,https://s3.amazonaws.com/irs-form-990/201141969349300909_public.xml
131684331,201009,FORD FOUNDATION,990PF,true,https://s3.amazonaws.com/irs-form-990/201111319349101206_public.xml
262518642,201112,TEEN HYPE,990,true,https://s3.amazonaws.com/irs-form-990/201243319349300219_public.xml
650464177,201412,JOHN S AND JAMES L KNIGHT FOUNDATION,990PF,true,https://s3.amazonaws.com/irs-form-990/201543169349101804_public.xml
383314318,201412,DETROIT POLICE ATHLETIC LEAGUE INCORPORATED,990,true,https://s3.amazonaws.com/irs-form-990/201543149349302549_public.xml
382825019,201506,NONPROFIT ENTERPRISE AT WORK INC,990,true,https://s3.amazonaws.com/irs-form-990/201533289349300123_public.xml
300002873,201412,DETROIT 300 CONSERVANCY,990,true,https://s3.amazonaws.com/irs-form-990/201543179349302169_public.xml
800892277,201412,KEEP GROWING DETROIT,990,true,https://s3.amazonaws.com/irs-form-990/201542269349300734_public.xml
383373052,201512,COMERICA CHARITABLE FOUNDATION,990PF,false,
380808800,201506,MCGREGOR FUND,990PF,false,
207097647,201512,A PAUL AND CAROL C SCHAPP FOUNDATION,990PF,false,
300107259,201512,THOMPSON EDUCATIONAL FOUNDATION,990PF,false,
383452577,201512,THOMPSON FOUNDATION,990PF,false,
382311840,201509,ARAB AMERICAN AND CHALDEAN COUNCIL,990,true,https://s3.amazonaws.com/irs-form-990/201610289349300926_public.xml
